City_ID,City,Country,Date,Lat,Lng,Current Description,Max Temp,Humidity,Cloudiness,Wind Speed
0,Nago,JP,2021-05-28 17:15:15,26.5881,127.9761,overcast clouds,77.45,90,100,8.72
1,Awjilah,LY,2021-05-28 17:15:16,29.1081,21.2869,clear sky,97.7,13,1,10.09
2,Segezha,RU,2021-05-28 17:15:16,63.7415,34.3222,overcast clouds,45.19,79,93,5.95
3,Barrow,US,2021-05-28 17:15:16,71.2906,-156.7887,overcast clouds,30.22,80,90,8.05
4,Kodiak,US,2021-05-28 17:15:17,57.79,-152.4072,overcast clouds,47.71,87,90,4.61
5,Bluff,NZ,2021-05-28 17:15:17,-46.6,168.3333,light rain,49.8,74,100,14.14
6,Georgetown,MY,2021-05-28 17:15:10,5.4112,100.3354,few clouds,81.9,87,20,1.34
7,Vaini,TO,2021-05-28 17:15:17,-21.2,-175.2,broken clouds,64.56,100,75,2.3
8,Ushuaia,AR,2021-05-28 17:15:18,-54.8,-68.3,broken clouds,33.46,93,75,27.63
9,Hobart,AU,2021-05-28 17:15:18,-42.8794,147.3294,overcast clouds,48.06,73,90,1.01
10,Buala,SB,2021-05-28 17:15:19,-8.145,159.5921,light rain,77.45,89,100,4.81
11,Arraial Do Cabo,BR,2021-05-28 17:15:19,-22.9661,-42.0278,clear sky,82.26,69,0,13.8
12,Mahebourg,MU,2021-05-28 17:15:19,-20.4081,57.7,scattered clouds,73.26,88,40,3.44
13,Rikitea,PF,2021-05-28 17:15:20,-23.1203,-134.9692,broken clouds,73.96,71,69,17.11
14,Yellowknife,CA,2021-05-28 17:14:16,62.456,-114.3525,overcast clouds,53.33,53,93,1.99
15,Albany,US,2021-05-28 17:13:19,42.6001,-73.9662,overcast clouds,58.89,53,100,1.01
16,Mataura,NZ,2021-05-28 17:15:20,-46.1927,168.8643,light rain,49.48,99,100,0.83
17,Qaqortoq,GL,2021-05-28 17:15:20,60.7167,-46.0333,broken clouds,59.5,73,52,6.82
18,Atuona,PF,2021-05-28 17:15:21,-9.8,-139.0333,few clouds,79.77,74,17,15.46
19,Vilhena,BR,2021-05-28 17:15:21,-12.7406,-60.1458,overcast clouds,86.5,39,90,6.53
20,Busselton,AU,2021-05-28 17:15:21,-33.65,115.3333,overcast clouds,60.04,90,100,17.38
21,Saryg-Sep,RU,2021-05-28 17:15:22,51.5,95.6,clear sky,42.94,86,8,1.9
22,Moba,CN,2021-05-28 17:15:22,33.2288,105.0179,overcast clouds,55.33,91,86,3.65
23,Tezu,IN,2021-05-28 17:15:22,27.9167,96.1667,scattered clouds,74.39,97,25,4.38
24,Bambanglipuro,ID,2021-05-28 17:15:23,-7.95,110.2833,scattered clouds,62.6,92,41,4.38
25,Areia Branca,BR,2021-05-28 17:15:23,-4.9561,-37.1369,overcast clouds,87.12,55,88,14.05
26,Tuktoyaktuk,CA,2021-05-28 17:15:23,69.4541,-133.0374,broken clouds,26.6,86,75,10.36
27,Kaniama,CD,2021-05-28 17:15:24,-7.5667,24.1833,scattered clouds,75.45,41,49,1.7
28,Constitucion,CL,2021-05-28 17:15:24,-35.3333,-72.4167,scattered clouds,58.71,62,47,3.06
29,Seredka,RU,2021-05-28 17:15:24,58.1584,28.1858,broken clouds,60.55,70,62,4.56
30,Basco,PH,2021-05-28 17:15:25,20.4487,121.9702,overcast clouds,84.88,73,91,11.74
31,Tasiilaq,GL,2021-05-28 17:15:25,65.6145,-37.6368,moderate rain,39.36,96,100,12.5
32,Gemena,CD,2021-05-28 17:15:25,3.25,19.7667,overcast clouds,79.7,71,99,1.36
33,La Ronge,CA,2021-05-28 17:15:26,55.1001,-105.2842,overcast clouds,55.65,54,90,10.36
34,Lebu,CL,2021-05-28 17:15:26,-37.6167,-73.65,overcast clouds,55.31,82,100,8.34
35,Avera,US,2021-05-28 17:15:26,33.194,-82.5271,clear sky,91.69,37,8,13.6
36,Ponta Do Sol,PT,2021-05-28 17:15:27,32.6667,-17.1,scattered clouds,74.01,74,49,2.68
37,Cidreira,BR,2021-05-28 17:15:27,-30.1811,-50.2056,moderate rain,63.14,95,100,8.5
38,Souillac,MU,2021-05-28 17:15:27,-20.5167,57.5167,scattered clouds,73.36,88,40,6.69
39,Moquegua,PE,2021-05-28 17:15:28,-17.1956,-70.9353,few clouds,74.71,20,22,10.31
40,Cape Town,ZA,2021-05-28 17:10:33,-33.9258,18.4232,light rain,63.1,84,22,3.0
41,Moron,AR,2021-05-28 17:12:21,-34.6534,-58.6198,overcast clouds,70.02,42,91,5.01
42,Jamestown,US,2021-05-28 17:11:27,42.097,-79.2353,light rain,50.29,97,90,5.01
43,Nuuk,GL,2021-05-28 17:15:28,64.1835,-51.7216,few clouds,43.41,75,20,10.36
44,Ilulissat,GL,2021-05-28 17:15:29,69.2167,-51.1,few clouds,46.42,46,20,5.75
45,Paso De Los Toros,UY,2021-05-28 17:15:29,-32.8167,-56.5167,broken clouds,68.2,70,73,7.47
46,Frontera,MX,2021-05-28 17:15:29,26.9333,-101.45,broken clouds,90.7,40,58,7.83
47,Punta Arenas,CL,2021-05-28 17:15:30,-53.15,-70.9167,scattered clouds,37.51,65,40,19.66
48,Hasaki,JP,2021-05-28 17:15:30,35.7333,140.8333,overcast clouds,68.29,84,100,22.77
49,Cayenne,GF,2021-05-28 17:15:31,4.9333,-52.3333,broken clouds,83.08,78,75,5.01
50,Avarua,CK,2021-05-28 17:15:31,-21.2078,-159.775,broken clouds,69.85,100,75,3.44
51,Ribeira Grande,PT,2021-05-28 17:15:31,38.5167,-28.7,scattered clouds,66.6,63,40,12.66
52,Dikson,RU,2021-05-28 17:15:32,73.5069,80.5464,overcast clouds,23.29,93,100,3.62
53,Qaanaaq,GL,2021-05-28 17:15:32,77.484,-69.3632,overcast clouds,40.15,91,93,5.06
54,Bredasdorp,ZA,2021-05-28 17:15:32,-34.5322,20.0403,clear sky,61.29,88,7,14.2
55,Daoukro,CI,2021-05-28 17:15:33,7.0591,-3.9631,scattered clouds,88.39,55,37,5.41
56,Pevek,RU,2021-05-28 17:15:33,69.7008,170.3133,overcast clouds,35.58,75,91,4.32
57,Tiksi,RU,2021-05-28 17:15:33,71.6872,128.8694,overcast clouds,32.61,97,100,13.71
58,Qui Nhon,VN,2021-05-28 17:15:34,13.7667,109.2333,overcast clouds,81.01,88,100,11.21
59,Sangmelima,CM,2021-05-28 17:15:34,2.9333,11.9833,light rain,72.25,93,100,3.09
60,Bathsheba,BB,2021-05-28 17:15:35,13.2167,-59.5167,few clouds,86.61,51,20,15.77
61,San Cristobal,VE,2021-05-28 17:15:35,7.7669,-72.225,few clouds,80.78,52,24,7.72
62,Talnakh,RU,2021-05-28 17:15:35,69.4865,88.3972,overcast clouds,27.93,91,95,6.76
63,Nizhnyaya Poyma,RU,2021-05-28 17:15:36,56.1622,97.1933,overcast clouds,39.33,82,97,11.21
64,Pacific Grove,US,2021-05-28 17:15:36,36.6177,-121.9166,overcast clouds,69.57,90,90,3.0
65,Batemans Bay,AU,2021-05-28 17:15:36,-35.7167,150.1833,scattered clouds,49.91,65,25,9.62
66,Ketchikan,US,2021-05-28 17:15:37,55.3422,-131.6461,broken clouds,52.27,58,75,9.22
67,Vagur,FO,2021-05-28 17:15:37,61.4732,-6.8119,few clouds,46.29,88,16,16.84
68,Uyuni,BO,2021-05-28 17:15:37,-20.4597,-66.825,few clouds,48.42,30,12,29.19
69,Luderitz,NA,2021-05-28 17:15:38,-26.6481,15.1594,broken clouds,63.23,61,67,15.52
70,Saint George,US,2021-05-28 17:15:09,37.1041,-113.5841,clear sky,90.07,13,1,1.01
71,Cherskiy,RU,2021-05-28 17:15:38,68.75,161.3,broken clouds,44.38,55,80,13.27
72,Ardakan,IR,2021-05-28 17:15:39,32.31,54.0175,clear sky,86.38,13,0,8.52
73,Mehamn,NO,2021-05-28 17:15:39,71.0357,27.8492,broken clouds,35.78,69,75,25.32
74,Kavaratti,IN,2021-05-28 17:15:39,10.5669,72.642,few clouds,83.71,75,16,16.89
75,Kruisfontein,ZA,2021-05-28 17:15:40,-34.0033,24.7314,clear sky,61.88,73,0,13.11
76,Butaritari,KI,2021-05-28 17:15:40,3.0707,172.7902,light rain,81.64,81,95,12.88
77,Vyartsilya,RU,2021-05-28 17:15:40,62.1764,30.693,broken clouds,50.18,77,66,8.9
78,Kavieng,PG,2021-05-28 17:15:41,-2.5744,150.7967,overcast clouds,81.23,80,97,7.18
79,Kangaatsiaq,GL,2021-05-28 17:15:41,68.3065,-53.4641,scattered clouds,35.33,88,46,4.88
80,Semey,KZ,2021-05-28 17:15:41,50.4111,80.2275,clear sky,59.22,33,0,11.18
81,Coihaique,CL,2021-05-28 17:15:42,-45.5752,-72.0662,broken clouds,47.01,57,75,11.5
82,Bandarbeyla,SO,2021-05-28 17:15:42,9.4942,50.8122,scattered clouds,79.74,84,38,25.39
83,Hermanus,ZA,2021-05-28 17:15:42,-34.4187,19.2345,few clouds,61.81,87,24,16.58
84,Marawi,PH,2021-05-28 17:15:43,7.9986,124.2928,broken clouds,71.65,95,56,0.76
85,Bengkulu,ID,2021-05-28 17:15:43,-3.8004,102.2655,moderate rain,75.4,92,100,3.87
86,Caucaia,BR,2021-05-28 17:15:43,-3.7361,-38.6531,few clouds,87.75,64,20,8.41
87,Kapaa,US,2021-05-28 17:15:44,22.0752,-159.319,broken clouds,75.52,84,75,9.33
88,Huangpu,CN,2021-05-28 17:15:44,25.4433,113.1747,overcast clouds,75.63,96,100,1.86
89,Boulsa,BF,2021-05-28 17:15:44,12.6675,-0.5758,broken clouds,96.78,28,80,8.88
90,Montrose,US,2021-05-28 17:15:45,38.4166,-108.2673,clear sky,65.73,16,1,6.33
91,Hilo,US,2021-05-28 17:13:03,19.7297,-155.09,overcast clouds,75.27,77,90,8.05
92,Carnarvon,AU,2021-05-28 17:11:06,-24.8667,113.6333,light rain,69.87,100,75,8.05
93,Fairbanks,US,2021-05-28 17:15:45,64.8378,-147.7164,clear sky,43.21,56,1,12.66
94,Acarau,BR,2021-05-28 17:15:46,-2.8856,-40.12,few clouds,86.68,59,13,13.73
95,Lota,CL,2021-05-28 17:15:46,-37.0833,-73.1667,overcast clouds,56.66,84,100,5.59
96,Guadalupe Y Calvo,MX,2021-05-28 17:15:46,26.1,-106.9667,clear sky,77.34,10,0,6.98
97,Hovd,MN,2021-05-28 17:15:47,48.0056,91.6419,clear sky,56.43,39,4,2.73
98,Dingle,PH,2021-05-28 17:15:47,10.9995,122.6711,light rain,78.78,87,87,2.17
99,Saint Anthony,US,2021-05-28 17:15:47,45.0205,-93.218,clear sky,55.87,46,1,1.99
100,Paratinga,BR,2021-05-28 17:15:48,-12.6906,-43.1842,clear sky,94.12,22,5,3.69
101,Mar Del Plata,AR,2021-05-28 17:15:48,-38.0023,-57.5575,light rain,64.0,44,0,3.0
102,Namwala,ZM,2021-05-28 17:15:49,-15.7504,26.4384,clear sky,62.82,29,0,2.01
103,Port Alfred,ZA,2021-05-28 17:15:49,-33.5906,26.891,clear sky,64.08,74,0,18.77
104,Otradnoye,RU,2021-05-28 17:15:49,59.7775,30.8181,broken clouds,57.25,69,56,8.59
105,Lompoc,US,2021-05-28 17:15:50,34.6391,-120.4579,overcast clouds,73.11,97,90,9.22
106,Chumikan,RU,2021-05-28 17:15:50,54.7183,135.315,overcast clouds,35.49,92,100,0.81
107,Preeceville,CA,2021-05-28 17:15:50,51.95,-102.6677,overcast clouds,54.12,59,100,23.04
108,Bubaque,GW,2021-05-28 17:15:51,11.2833,-15.8333,few clouds,79.32,75,19,12.95
109,Bambous Virieux,MU,2021-05-28 17:15:51,-20.3428,57.7575,scattered clouds,73.22,88,40,8.75
110,Bara,NG,2021-05-28 17:15:51,10.3744,10.7288,scattered clouds,101.98,22,48,10.38
111,Ziro,IN,2021-05-28 17:15:52,27.6333,93.8333,scattered clouds,57.51,96,39,1.25
112,Chilliwack,CA,2021-05-28 17:15:08,49.1747,-121.9443,overcast clouds,57.24,90,100,4.25
113,Haines Junction,CA,2021-05-28 17:15:52,60.7522,-137.5108,overcast clouds,49.95,46,100,4.61
114,Malakal,SS,2021-05-28 17:15:52,9.5334,31.6605,broken clouds,91.67,34,67,8.14
115,Coahuayana,MX,2021-05-28 17:15:53,18.7333,-103.6833,scattered clouds,94.48,33,29,5.97
116,Nikolskoye,RU,2021-05-28 17:15:53,59.7035,30.7861,broken clouds,57.09,69,64,8.03
117,Sabang,ID,2021-05-28 17:15:53,5.8933,95.3214,light rain,81.86,79,99,22.59
118,Bulgan,MN,2021-05-28 17:15:54,48.8125,103.5347,overcast clouds,51.71,78,94,2.93
119,Japura,ID,2021-05-28 17:15:54,-0.3167,102.35,clear sky,73.87,97,9,2.08
120,Padang,ID,2021-05-28 17:15:14,-0.9492,100.3543,overcast clouds,77.54,89,85,2.24
121,Berdavan,AM,2021-05-28 17:15:54,41.205,44.9997,light rain,67.05,89,96,1.36
122,Garachine,PA,2021-05-28 17:15:55,8.0647,-78.3628,overcast clouds,81.39,79,100,2.75
123,Sibiti,CG,2021-05-28 17:15:55,-3.6819,13.3499,broken clouds,76.35,75,77,2.35
124,Yumen,CN,2021-05-28 17:15:55,40.2833,97.2,clear sky,71.98,18,0,13.89
125,Inhambane,MZ,2021-05-28 17:15:56,-23.865,35.3833,few clouds,69.78,83,20,8.05
126,Clyde River,CA,2021-05-28 17:15:56,70.4692,-68.5914,few clouds,32.23,86,20,4.61
127,Ahipara,NZ,2021-05-28 17:15:57,-35.1667,173.1667,broken clouds,57.49,91,81,18.75
128,Puerto Ayora,EC,2021-05-28 17:15:57,-0.7393,-90.3518,overcast clouds,80.56,85,85,5.99
129,Mayor Pablo Lagerenza,PY,2021-05-28 17:15:57,-19.9309,-60.7718,overcast clouds,92.28,35,100,20.85
130,Tucuman,AR,2021-05-28 17:14:24,-26.8241,-65.2226,clear sky,59.0,100,0,3.36
131,Zwedru,LR,2021-05-28 17:15:58,6.0667,-8.1281,overcast clouds,83.44,71,100,5.1
132,Constantine,DZ,2021-05-28 17:14:08,36.365,6.6147,overcast clouds,76.95,55,98,8.39
133,Villa Bruzual,VE,2021-05-28 17:15:58,9.3328,-69.1208,overcast clouds,75.34,91,100,0.54
134,San Vicente,AR,2021-05-28 17:15:59,-26.6167,-54.1333,light rain,78.96,53,51,8.95
135,Nobres,BR,2021-05-28 17:15:59,-14.7203,-56.3275,overcast clouds,93.76,28,100,10.38
136,Tateyama,JP,2021-05-28 17:15:59,34.9833,139.8667,overcast clouds,70.99,86,100,24.65
137,Ola,RU,2021-05-28 17:16:00,59.5833,151.2833,overcast clouds,37.67,96,100,9.57
138,Biloela,AU,2021-05-28 17:16:00,-24.4167,150.5,broken clouds,48.96,59,75,7.87
139,Parral,MX,2021-05-28 17:16:00,26.9333,-105.6667,clear sky,84.54,11,1,8.88
140,Oktyabrskiy,RU,2021-05-28 17:16:01,54.4815,53.471,clear sky,63.86,68,6,4.83
141,Beloha,MG,2021-05-28 17:16:01,-25.1667,45.05,clear sky,65.98,80,0,5.61
142,Mount Isa,AU,2021-05-28 17:16:02,-20.7333,139.5,scattered clouds,64.17,20,28,9.22
143,North Bend,US,2021-05-28 17:16:02,43.4065,-124.2243,broken clouds,63.99,67,75,11.5
144,Sola,VU,2021-05-28 17:16:02,-13.8833,167.55,overcast clouds,77.27,65,98,11.18
145,Okhotsk,RU,2021-05-28 17:16:03,59.3833,143.3,overcast clouds,35.28,88,99,11.12
146,Oulainen,FI,2021-05-28 17:16:03,64.2667,24.8,few clouds,49.8,47,13,8.37
147,Yarensk,RU,2021-05-28 17:16:03,62.1675,49.0916,moderate rain,55.26,69,98,4.65
148,Esperance,AU,2021-05-28 17:11:06,-33.8667,121.9,light rain,65.5,47,99,16.8
149,Bethel,US,2021-05-28 17:16:04,41.3712,-73.414,clear sky,66.58,50,1,8.05
150,Severnyy,RU,2021-05-28 17:16:05,50.677,36.5532,clear sky,75.24,43,0,4.47
151,Upernavik,GL,2021-05-28 17:16:05,72.7868,-56.1549,clear sky,36.12,86,6,3.83
152,Kauhajoki,FI,2021-05-28 17:16:06,62.4333,22.1833,clear sky,56.41,49,4,6.4
153,Faanui,PF,2021-05-28 17:16:06,-16.4833,-151.75,broken clouds,79.95,68,62,4.59
154,Victoria,HK,2021-05-28 17:13:37,22.2855,114.1577,broken clouds,87.33,82,63,4.0
155,Asau,RO,2021-05-28 17:16:06,46.4333,26.4,light rain,58.28,100,100,4.16
156,Hambantota,LK,2021-05-28 17:16:07,6.1241,81.1185,overcast clouds,81.05,80,100,18.99
157,Khatanga,RU,2021-05-28 17:16:07,71.9667,102.5,overcast clouds,37.24,91,100,10.8
158,Alta,NO,2021-05-28 17:16:07,69.9689,23.2717,broken clouds,38.46,60,75,19.57
159,Chokurdakh,RU,2021-05-28 17:16:08,70.6333,147.9167,scattered clouds,44.37,61,30,12.12
160,Hithadhoo,MV,2021-05-28 17:16:08,-0.6,73.0833,overcast clouds,82.94,73,96,16.44
161,Bundaberg,AU,2021-05-28 17:16:08,-24.85,152.35,scattered clouds,55.22,60,30,3.0
162,Sabha,LY,2021-05-28 17:16:09,27.0377,14.4283,broken clouds,101.8,8,65,7.58
163,Berezniki,RU,2021-05-28 17:16:09,59.4152,56.8124,overcast clouds,57.83,98,94,5.03
164,Nanortalik,GL,2021-05-28 17:16:09,60.1432,-45.2371,few clouds,41.0,76,23,10.27
165,Jalu,LY,2021-05-28 17:16:10,29.0331,21.5482,clear sky,97.52,13,0,10.02
166,Arica,CL,2021-05-28 17:11:28,-18.475,-70.3042,clear sky,74.75,73,0,8.23
167,Antalaha,MG,2021-05-28 17:16:10,-14.9003,50.2788,clear sky,72.61,86,1,8.63
168,Belmonte,BR,2021-05-28 17:16:11,-15.8631,-38.8828,scattered clouds,82.9,64,26,7.72
169,Olafsvik,IS,2021-05-28 17:16:11,64.8945,-23.7142,moderate rain,51.39,73,100,27.72
170,Lata,PT,2021-05-28 17:16:11,40.1629,-8.3327,few clouds,85.71,51,16,9.33
171,Mandalgovi,MN,2021-05-28 17:16:12,45.7625,106.2708,broken clouds,56.26,52,60,19.86
172,Denpasar,ID,2021-05-28 17:11:36,-8.65,115.2167,scattered clouds,80.26,89,40,7.81
173,San Luis,AR,2021-05-28 17:16:12,-33.295,-66.3356,broken clouds,65.12,40,62,20.0
174,Halifax,CA,2021-05-28 17:14:59,44.6453,-63.5724,broken clouds,57.69,32,67,4.0
175,Pangai,TO,2021-05-28 17:16:13,-19.8,-174.35,broken clouds,71.71,88,75,0.0
176,Hamilton,US,2021-05-28 17:15:41,39.1834,-84.5333,overcast clouds,71.2,93,90,1.01
177,Gigmoto,PH,2021-05-28 17:16:13,13.7796,124.39,overcast clouds,81.01,86,92,2.57
178,Zhigansk,RU,2021-05-28 17:16:13,66.7697,123.3711,clear sky,43.88,80,4,17.02
179,Castro,BR,2021-05-28 17:16:14,-24.7911,-50.0119,overcast clouds,70.97,65,99,12.1
180,Guerrero Negro,MX,2021-05-28 17:16:14,27.9769,-114.0611,few clouds,64.94,60,12,14.25
181,Lorengau,PG,2021-05-28 17:16:14,-2.0226,147.2712,broken clouds,80.67,81,82,6.46
182,Udachnyy,RU,2021-05-28 17:16:15,66.4167,112.4,overcast clouds,50.9,61,99,14.41
183,Horsham,GB,2021-05-28 17:16:15,51.064,-0.3272,few clouds,66.31,57,20,5.73
184,Raudeberg,NO,2021-05-28 17:16:16,61.9875,5.1352,few clouds,67.6,78,11,24.83
185,Comodoro Rivadavia,AR,2021-05-28 17:16:16,-45.8667,-67.5,few clouds,42.66,45,20,16.11
186,Saint-Leu,RE,2021-05-28 17:16:16,-21.15,55.2833,clear sky,70.66,72,1,4.54
187,Vila Velha,BR,2021-05-28 17:13:21,-20.3297,-40.2925,few clouds,85.96,63,20,8.99
188,Chepareria,KE,2021-05-28 17:16:17,1.3077,35.2039,overcast clouds,64.67,69,95,4.23
189,Dagana,MR,2021-05-28 17:16:17,16.5165,-15.5068,few clouds,100.0,16,24,20.69
190,Bereznik,RU,2021-05-28 17:16:17,62.8551,42.7072,overcast clouds,47.52,94,86,8.28
191,Lexington Park,US,2021-05-28 17:16:18,38.2668,-76.4538,broken clouds,82.51,75,75,11.5
192,Neuquen,AR,2021-05-28 17:16:18,-38.9516,-68.0591,clear sky,64.29,32,0,18.41
193,Yuxia,CN,2021-05-28 17:16:19,34.0615,108.6291,light rain,68.61,57,70,6.8
194,Taltal,CL,2021-05-28 17:16:19,-25.4,-70.4833,scattered clouds,65.93,74,31,5.5
195,Dhidhdhoo,MV,2021-05-28 17:16:12,6.8833,73.1,clear sky,83.91,74,4,21.12
196,Saskylakh,RU,2021-05-28 17:16:19,71.9167,114.0833,scattered clouds,33.04,88,29,6.31
197,Bongandanga,CD,2021-05-28 17:16:20,1.5,21.05,light rain,72.7,92,99,2.3
198,Havoysund,NO,2021-05-28 17:16:20,70.9963,24.6622,overcast clouds,35.83,61,99,19.04
199,Pitimbu,BR,2021-05-28 17:16:21,-7.4706,-34.8086,overcast clouds,79.39,80,87,17.81
200,Wawa,NG,2021-05-28 17:16:21,9.9022,4.4192,scattered clouds,93.27,35,46,2.73
201,Vila Franca Do Campo,PT,2021-05-28 17:16:21,37.7167,-25.4333,overcast clouds,64.81,59,98,3.8
202,Manokwari,ID,2021-05-28 17:16:22,-0.8667,134.0833,scattered clouds,78.76,79,39,4.47
203,Betioky,MG,2021-05-28 17:16:22,-23.7167,44.3833,clear sky,64.33,67,0,3.89
204,Makat,KZ,2021-05-28 17:16:22,47.6469,53.3463,broken clouds,78.13,45,81,7.92
205,New Norfolk,AU,2021-05-28 17:16:23,-42.7826,147.0587,few clouds,47.7,67,19,1.99
206,Keti Bandar,PK,2021-05-28 17:16:23,24.1447,67.4497,clear sky,84.52,84,4,13.87
207,Waipawa,NZ,2021-05-28 17:16:23,-41.4122,175.5153,broken clouds,51.03,86,73,3.06
208,Mamallapuram,IN,2021-05-28 17:16:24,12.6264,80.1722,broken clouds,87.06,75,81,11.43
209,Airai,TL,2021-05-28 17:16:24,-8.9266,125.4092,broken clouds,58.26,95,61,3.74
210,Itoman,JP,2021-05-28 17:16:24,26.1247,127.6694,broken clouds,77.4,88,75,4.61
211,Pozega,HR,2021-05-28 17:16:25,45.3403,17.6853,broken clouds,67.62,71,72,4.0
212,Ostrovnoy,RU,2021-05-28 17:16:25,68.0531,39.5131,overcast clouds,37.18,71,85,18.39
213,Fort Nelson,CA,2021-05-28 17:15:08,58.8053,-122.7002,broken clouds,64.26,29,84,3.27
214,Kostrzyn,PL,2021-05-28 17:16:25,52.3985,17.2281,overcast clouds,58.98,65,100,1.01
215,Sao Paulo De Olivenca,BR,2021-05-28 17:16:26,-3.3783,-68.8725,scattered clouds,92.08,48,35,1.81
216,Tuatapere,NZ,2021-05-28 17:16:26,-46.1333,167.6833,light rain,49.82,86,100,3.13
217,Antofagasta,CL,2021-05-28 17:12:14,-23.65,-70.4,few clouds,70.21,56,23,4.97
218,Moju,BR,2021-05-28 17:16:26,-1.8839,-48.7689,scattered clouds,84.27,61,37,3.69
219,Norman Wells,CA,2021-05-28 17:16:27,65.282,-126.8329,light rain,35.64,87,90,17.27
220,Preobrazheniye,RU,2021-05-28 17:16:27,42.9019,133.9064,moderate rain,48.22,96,100,12.59
221,Pangnirtung,CA,2021-05-28 17:16:27,66.1451,-65.7125,overcast clouds,33.8,75,90,13.8
222,Makakilo City,US,2021-05-28 17:16:28,21.3469,-158.0858,scattered clouds,74.68,75,40,4.61
223,Aitape,PG,2021-05-28 17:16:28,-3.1374,142.3475,broken clouds,78.33,86,65,3.83
224,Kiama,AU,2021-05-28 17:16:28,-34.6833,150.8667,overcast clouds,53.38,59,92,5.99
225,Peniche,PT,2021-05-28 17:16:29,39.3558,-9.3811,broken clouds,79.74,74,80,16.98
226,Ayna,PE,2021-05-28 17:16:29,-12.65,-73.9167,scattered clouds,77.5,48,25,5.53
227,Kupang,ID,2021-05-28 17:16:29,-10.1667,123.5833,broken clouds,77.9,78,62,14.25
228,Krasnogorodsk,RU,2021-05-28 17:16:30,56.8357,28.2822,overcast clouds,57.96,75,96,3.6
229,Bantogon,PH,2021-05-28 17:16:30,6.5333,124.0333,few clouds,78.67,83,18,3.13
230,Barcelos,PT,2021-05-28 17:16:30,41.5388,-8.6151,few clouds,80.28,61,17,9.73
231,Longyearbyen,SJ,2021-05-28 17:16:31,78.2186,15.6401,clear sky,33.64,55,0,13.8
232,Pilar,BR,2021-05-28 17:16:31,-9.5972,-35.9567,broken clouds,82.33,58,71,9.33
233,Vao,NC,2021-05-28 17:16:32,-22.6667,167.4833,overcast clouds,70.65,70,100,15.66
234,Key West,US,2021-05-28 17:12:22,24.5557,-81.7826,clear sky,84.0,65,1,9.22
235,Severo-Kurilsk,RU,2021-05-28 17:16:32,50.6789,156.125,broken clouds,38.34,93,83,8.79
236,San Patricio,US,2021-05-28 17:16:33,28.017,-97.5169,broken clouds,89.69,68,81,10.58
237,Palembang,ID,2021-05-28 17:16:33,-2.9167,104.7458,light rain,76.44,95,99,3.02
238,Gamba,GA,2021-05-28 17:16:33,-2.65,10.0,overcast clouds,78.66,84,88,6.24
239,Araouane,ML,2021-05-28 17:16:34,18.9048,-3.5265,scattered clouds,108.97,7,28,21.45
240,Pangkalanbuun,ID,2021-05-28 17:16:34,-2.6833,111.6167,broken clouds,75.04,98,57,1.19
241,Lipin Bor,RU,2021-05-28 17:16:34,60.2622,37.9763,clear sky,52.9,71,5,6.85
242,Chimbote,PE,2021-05-28 17:14:45,-9.0853,-78.5783,broken clouds,71.6,77,77,10.33
243,Husavik,IS,2021-05-28 17:16:35,66.0449,-17.3389,few clouds,60.71,52,18,17.25
244,Dawei,MM,2021-05-28 17:16:35,14.0833,98.2,overcast clouds,77.72,94,100,4.25
245,Nouadhibou,MR,2021-05-28 17:16:35,20.931,-17.0347,broken clouds,69.78,73,74,20.71
246,Craig,US,2021-05-28 17:16:36,40.5153,-107.5464,clear sky,73.18,17,1,6.91
247,Fourmies,FR,2021-05-28 17:16:36,50.0153,4.0478,broken clouds,64.74,73,58,8.34
248,Bozoum,CF,2021-05-28 17:16:31,6.3193,16.3799,broken clouds,79.88,65,51,3.83
249,Samana,DO,2021-05-28 17:16:37,19.2056,-69.3369,broken clouds,84.42,79,75,4.61
250,Khromtau,KZ,2021-05-28 17:16:37,50.2503,58.4347,broken clouds,67.42,37,84,10.94
251,Sulangan,PH,2021-05-28 17:16:37,11.1373,123.7228,overcast clouds,84.65,71,99,4.27
252,Irpa Irpa,BO,2021-05-28 17:16:38,-17.7167,-66.2667,broken clouds,75.11,25,69,5.93
253,Kailua,US,2021-05-28 17:16:38,21.4022,-157.7394,clear sky,76.14,72,1,6.91
254,Bogande,BF,2021-05-28 17:16:39,12.9714,-0.1436,broken clouds,97.95,26,59,8.59
255,Buraydah,SA,2021-05-28 17:16:39,26.326,43.975,broken clouds,99.05,14,69,8.1
256,Montauban,FR,2021-05-28 17:16:39,44.0833,1.5,overcast clouds,79.48,54,96,4.16
257,Harper,LR,2021-05-28 17:16:40,4.375,-7.7169,overcast clouds,83.17,76,98,8.19
258,Sinnamary,GF,2021-05-28 17:16:40,5.3833,-52.95,broken clouds,79.5,89,80,9.69
259,Russell,US,2021-05-28 17:15:37,32.3502,-85.1999,scattered clouds,86.13,67,40,10.92
260,Chernyshevskiy,RU,2021-05-28 17:16:41,63.0128,112.4714,broken clouds,49.53,78,82,2.98
261,Port Elizabeth,ZA,2021-05-28 17:16:41,-33.918,25.5701,clear sky,66.49,59,0,11.5
262,Mareeba,AU,2021-05-28 17:16:41,-17.0,145.4333,few clouds,61.52,97,11,2.59
263,Cabo San Lucas,MX,2021-05-28 17:16:07,22.8909,-109.9124,clear sky,95.81,42,1,4.61
264,Kazerun,IR,2021-05-28 17:16:42,29.6195,51.6541,clear sky,83.77,16,0,2.95
265,Seoul,KR,2021-05-28 17:14:28,37.5683,126.9778,clear sky,59.41,77,0,9.28
266,Belaya Gora,RU,2021-05-28 17:16:42,68.5333,146.4167,broken clouds,48.69,47,55,14.25
267,Isangel,VU,2021-05-28 17:16:43,-19.55,169.2667,broken clouds,70.09,79,56,5.17
268,Walvis Bay,NA,2021-05-28 17:16:43,-22.9575,14.5053,clear sky,65.35,59,10,19.08
269,Misratah,LY,2021-05-28 17:13:42,32.3754,15.0925,scattered clouds,78.71,56,33,22.03
270,Salinopolis,BR,2021-05-28 17:16:43,-0.6136,-47.3561,few clouds,84.94,64,17,8.63
271,Khani,GE,2021-05-28 17:16:44,41.9563,42.9566,light rain,62.17,95,91,2.04
272,Graham,US,2021-05-28 17:16:44,47.0529,-122.2943,overcast clouds,56.14,75,90,1.01
273,Arman,RU,2021-05-28 17:16:44,59.7,150.1667,light rain,38.86,96,100,4.74
274,Aykhal,RU,2021-05-28 17:16:45,66.0,111.5,overcast clouds,47.41,72,99,14.45
275,Klaksvik,FO,2021-05-28 17:16:45,62.2266,-6.589,broken clouds,49.12,84,65,15.59
276,Maarianhamina,AX,2021-05-28 17:16:45,60.0973,19.9348,clear sky,53.46,40,0,9.22
277,Sanghar,PK,2021-05-28 17:16:46,26.0466,68.9481,scattered clouds,95.07,42,43,20.11
278,Sao Paulo Do Potengi,BR,2021-05-28 17:16:46,-5.895,-35.7628,broken clouds,86.11,51,51,14.61
279,Rio Gallegos,AR,2021-05-28 17:16:46,-51.6226,-69.2181,broken clouds,39.25,48,75,25.32
280,Nuevo Progreso,MX,2021-05-28 17:15:32,23.1667,-97.95,clear sky,92.59,53,9,1.99
281,Kidal,ML,2021-05-28 17:16:47,18.4411,1.4078,overcast clouds,104.5,6,99,12.86
282,Caravelas,BR,2021-05-28 17:16:47,-17.7125,-39.2481,few clouds,82.04,59,13,8.57
283,Najran,SA,2021-05-28 17:14:26,17.4924,44.1277,scattered clouds,85.73,14,44,7.56
284,Fortuna,US,2021-05-28 17:16:48,40.5982,-124.1573,overcast clouds,62.65,95,90,6.91
285,Galesong,ID,2021-05-28 17:16:48,-5.3166,119.3661,scattered clouds,77.02,79,48,5.01
286,Sioux Lookout,CA,2021-05-28 17:16:48,50.1001,-91.917,clear sky,55.47,30,1,6.91
287,Tessalit,ML,2021-05-28 17:16:49,20.1986,1.0114,overcast clouds,106.38,5,94,15.55
288,Campbell River,CA,2021-05-28 17:16:49,50.0163,-125.2446,scattered clouds,55.78,69,40,4.61
289,Palu,ID,2021-05-28 17:16:49,-0.8917,119.8707,clear sky,75.79,91,7,2.57
290,Bilma,NE,2021-05-28 17:16:50,18.6853,12.9164,clear sky,100.4,5,5,5.59
291,Guymon,US,2021-05-28 17:16:50,36.6828,-101.4816,clear sky,70.48,59,1,9.22
292,Eganville,CA,2021-05-28 17:16:50,45.5334,-77.0994,overcast clouds,50.02,25,97,7.07
293,Saint-Philippe,RE,2021-05-28 17:16:51,-21.3585,55.7679,scattered clouds,71.19,74,45,3.58
294,Ulaangom,MN,2021-05-28 17:16:51,49.9811,92.0667,clear sky,56.34,37,8,5.37
295,San Ignacio,BZ,2021-05-28 17:16:51,17.1561,-89.0714,broken clouds,89.74,62,75,7.54
296,Chuy,UY,2021-05-28 17:16:51,-33.6971,-53.4616,broken clouds,62.96,73,53,6.42
297,Katsuura,JP,2021-05-28 17:16:52,35.1333,140.3,light rain,70.2,86,100,21.79
298,Deputatskiy,RU,2021-05-28 17:16:52,69.3,139.9,few clouds,40.87,66,12,6.73
299,San Roque,ES,2021-05-28 17:16:53,36.2107,-5.3842,broken clouds,67.03,73,75,10.36
300,Hirara,JP,2021-05-28 17:16:53,24.8,125.2833,overcast clouds,81.03,82,100,5.64
301,Grindavik,IS,2021-05-28 17:16:53,63.8424,-22.4338,moderate rain,55.56,87,90,47.98
302,Goderich,CA,2021-05-28 17:15:09,43.7501,-81.7165,light rain,45.55,93,100,16.11
303,Amelia,IT,2021-05-28 17:16:54,42.5523,12.4182,clear sky,78.84,33,0,2.75
304,Krasnovishersk,RU,2021-05-28 17:16:54,60.4078,57.082,overcast clouds,54.61,78,98,5.41
305,Valdivia,CL,2021-05-28 17:16:54,-39.8142,-73.2459,overcast clouds,59.09,84,100,5.55
306,Sitka,US,2021-05-28 17:16:55,57.0531,-135.33,light rain,46.29,87,90,4.61
307,Qasigiannguit,GL,2021-05-28 17:16:55,68.8193,-51.1922,clear sky,46.65,60,6,2.75
308,Janesville,US,2021-05-28 17:12:44,42.6828,-89.0187,overcast clouds,46.26,94,90,5.01
309,Torbay,CA,2021-05-28 17:16:55,47.6666,-52.7314,scattered clouds,54.75,53,40,23.02
310,Richards Bay,ZA,2021-05-28 17:16:56,-28.783,32.0377,scattered clouds,69.1,84,45,10.42
311,Emerald,AU,2021-05-28 17:16:56,-23.5333,148.1667,overcast clouds,54.34,54,97,8.05
312,Tyubuk,RU,2021-05-28 17:16:56,56.0552,60.9405,clear sky,61.45,52,4,5.37
313,Sao Filipe,CV,2021-05-28 17:16:57,14.8961,-24.4956,clear sky,73.11,78,6,11.65
314,Mendi,PG,2021-05-28 17:16:57,-6.1761,143.6513,overcast clouds,57.51,100,100,1.23
315,Tiznit,MA,2021-05-28 17:16:57,29.5833,-9.5,overcast clouds,74.62,50,96,8.16
316,Tiarei,PF,2021-05-28 17:16:58,-17.5333,-149.3333,broken clouds,75.22,74,61,4.25
317,Srednekolymsk,RU,2021-05-28 17:16:58,67.45,153.6833,clear sky,43.83,55,4,15.14
318,Port Blair,IN,2021-05-28 17:16:59,11.6667,92.75,light rain,82.08,83,100,5.97
319,Vernon,CA,2021-05-28 17:12:18,50.2581,-119.2691,broken clouds,64.13,55,82,3.67
320,East London,ZA,2021-05-28 17:16:59,-33.0153,27.9116,clear sky,63.54,67,0,12.66
321,Hobyo,SO,2021-05-28 17:16:59,5.3505,48.5268,broken clouds,80.1,79,71,18.97
322,Newport,GB,2021-05-28 17:16:44,51.5877,-2.9984,overcast clouds,64.4,89,100,7.07
323,Narsaq,GL,2021-05-28 17:17:01,60.9167,-46.05,broken clouds,59.22,60,59,7.7
324,Tarko-Sale,RU,2021-05-28 17:17:01,64.9225,77.785,overcast clouds,35.01,69,97,4.0
325,Sao Joao De Pirabas,BR,2021-05-28 17:17:01,-0.7747,-47.1772,few clouds,85.98,60,22,6.93
326,Wad Rawah,SD,2021-05-28 17:17:02,15.1603,33.1397,few clouds,104.7,11,15,6.2
327,Sorong,ID,2021-05-28 17:17:02,-0.8833,131.25,scattered clouds,78.31,89,29,6.96
328,Faya,SA,2021-05-28 17:17:02,18.3851,42.4509,scattered clouds,73.51,43,37,5.5
329,Ixtapa,MX,2021-05-28 17:17:03,20.7,-105.2,clear sky,81.63,65,1,6.91
330,Tekirdag,TR,2021-05-28 17:16:56,40.978,27.5085,moderate rain,69.15,82,79,7.36
331,Margate,GB,2021-05-28 17:17:03,51.3813,1.3862,overcast clouds,58.87,67,100,3.0
332,Vestmannaeyjar,IS,2021-05-28 17:17:03,63.4427,-20.2734,light rain,49.19,87,90,48.34
333,Mutoko,ZW,2021-05-28 17:17:04,-17.397,32.2268,clear sky,57.33,41,0,3.51
334,Sibolga,ID,2021-05-28 17:17:04,1.7427,98.7792,broken clouds,76.03,91,76,2.06
335,Sumbe,AO,2021-05-28 17:17:04,-11.2061,13.8437,clear sky,78.08,76,10,6.76
336,Nanzhang,CN,2021-05-28 17:17:05,31.7765,111.8386,light rain,69.94,73,85,3.22
337,Atar,MR,2021-05-28 17:17:05,20.5169,-13.0499,broken clouds,104.5,13,76,10.89
338,Xining,CN,2021-05-28 17:17:05,36.6167,101.7667,overcast clouds,54.97,67,100,1.9
339,Sattahip,TH,2021-05-28 17:17:06,12.6664,100.9007,heavy intensity rain,85.23,94,40,10.36
340,Ampanihy,MG,2021-05-28 17:17:06,-24.7,44.75,clear sky,66.43,76,0,5.06
341,Inzer,RU,2021-05-28 17:17:06,54.2167,57.5556,clear sky,60.53,76,5,1.59
342,Sawang Daen Din,TH,2021-05-28 17:17:07,17.4753,103.4575,broken clouds,81.01,99,55,7.05
343,Mosquera,CO,2021-05-28 17:17:07,4.7059,-74.2302,broken clouds,64.49,52,75,2.3
344,Kedougou,SN,2021-05-28 17:17:07,12.5579,-12.1743,broken clouds,105.42,17,52,4.99
345,Kazanskaya,RU,2021-05-28 17:17:08,45.4106,40.4361,clear sky,68.52,78,6,6.51
346,Gemunden,DE,2021-05-28 17:17:08,50.05,9.7,overcast clouds,65.07,63,95,0.76
347,Abu Kamal,SY,2021-05-28 17:17:09,34.4506,40.9171,clear sky,92.01,10,0,8.14
348,Chippewa Falls,US,2021-05-28 17:16:34,44.9369,-91.3929,clear sky,54.99,60,1,11.81
349,Gorontalo,ID,2021-05-28 17:17:09,0.5412,123.0595,scattered clouds,76.17,93,25,2.73
350,Nenjiang,CN,2021-05-28 17:17:09,49.1833,125.2167,broken clouds,50.72,62,59,3.2
351,Zaragoza,ES,2021-05-28 17:16:45,41.6561,-0.8773,few clouds,87.03,23,20,3.0
352,Leibnitz,AT,2021-05-28 17:17:10,46.7816,15.5384,overcast clouds,66.74,66,95,4.41
353,Biak,ID,2021-05-28 17:17:10,-0.9131,122.8766,scattered clouds,76.77,85,35,6.96
354,Santa Barbara,US,2021-05-28 17:17:11,34.7333,-120.0343,clear sky,75.15,72,1,6.33
355,Garowe,SO,2021-05-28 17:17:11,8.4054,48.4845,overcast clouds,84.78,45,99,13.69
356,Pisco,PE,2021-05-28 17:17:11,-13.7,-76.2167,overcast clouds,67.01,94,90,8.05
357,Tautira,PF,2021-05-28 17:17:12,-17.7333,-149.15,scattered clouds,75.22,72,48,2.17
358,Kassala,SD,2021-05-28 17:17:12,15.451,36.4,broken clouds,100.81,16,54,8.16
359,Ambulu,ID,2021-05-28 17:17:12,-8.345,113.6058,broken clouds,75.65,92,74,2.42
360,Ucluelet,CA,2021-05-28 17:13:28,48.9329,-125.5528,overcast clouds,57.04,82,91,3.0
361,Vardo,NO,2021-05-28 17:17:13,70.3705,31.1107,broken clouds,35.8,93,75,23.02
362,Kaitangata,NZ,2021-05-28 17:17:13,-46.2817,169.8464,light rain,50.94,76,100,6.22
363,Poum,NC,2021-05-28 17:17:13,-20.2333,164.0167,clear sky,72.5,71,4,18.81
364,Codrington,AU,2021-05-28 17:17:14,-38.2667,141.9667,clear sky,43.21,83,4,3.44
365,Kirakira,SB,2021-05-28 17:17:14,-10.4544,161.9205,overcast clouds,76.32,83,100,6.93
366,Raga,SS,2021-05-28 17:17:15,8.4596,25.678,clear sky,83.89,47,10,3.42
367,Bowen,AU,2021-05-28 17:17:15,-20.0167,148.2333,clear sky,46.62,49,0,8.23
368,Port Lincoln,AU,2021-05-28 17:15:18,-34.7333,135.8667,overcast clouds,58.1,73,100,13.6
369,Praia Da Vitoria,PT,2021-05-28 17:17:15,38.7333,-27.0667,few clouds,68.25,52,20,5.46
370,Kerman,IR,2021-05-28 17:17:16,30.2832,57.0788,clear sky,76.86,13,0,8.34
371,Saint-Pierre,RE,2021-05-28 17:17:16,-21.3393,55.4781,overcast clouds,71.28,78,90,5.75
372,Mbuji-Mayi,CD,2021-05-28 17:17:17,-6.15,23.6,broken clouds,80.4,44,66,2.51
373,Ust-Nera,RU,2021-05-28 17:17:17,64.5667,143.2,light rain,43.52,72,94,5.57
374,Nanyang,CN,2021-05-28 17:17:17,32.9947,112.5328,light rain,70.45,84,58,3.85
375,San Jose,US,2021-05-28 17:14:07,37.3394,-121.895,scattered clouds,73.26,66,40,1.01
376,Umba,RU,2021-05-28 17:17:18,66.6871,34.3429,overcast clouds,41.2,73,100,8.37
377,Dolny Kubin,SK,2021-05-28 17:17:18,49.2098,19.3034,broken clouds,60.4,71,75,3.02
378,Pavlogradka,RU,2021-05-28 17:17:18,54.2024,73.5592,clear sky,54.16,55,9,7.43
379,Gladstone,AU,2021-05-28 17:17:19,-23.85,151.25,scattered clouds,58.93,41,43,6.91
380,Gondar,ET,2021-05-28 17:17:19,12.6,37.4667,broken clouds,73.11,34,62,4.54
381,Voh,NC,2021-05-28 17:17:19,-20.9667,164.7,scattered clouds,64.18,88,32,2.44
382,Mayumba,GA,2021-05-28 17:17:20,-3.432,10.6554,light rain,78.35,87,92,5.66
383,Charcas,MX,2021-05-28 17:17:20,23.1333,-101.1167,few clouds,77.43,33,12,5.1
384,Semme,FR,2021-05-28 17:17:20,46.1963,1.5007,broken clouds,72.01,57,80,7.16
385,Ossora,RU,2021-05-28 17:17:21,59.2353,163.0719,overcast clouds,35.19,96,100,4.79
386,Ambilobe,MG,2021-05-28 17:17:21,-13.2,49.05,scattered clouds,73.04,83,30,2.37
387,Carutapera,BR,2021-05-28 17:17:21,-1.195,-46.02,clear sky,86.7,59,10,6.76
388,Dongsheng,CN,2021-05-28 17:17:22,39.8161,109.9776,clear sky,68.27,18,7,23.2
389,Vieste,IT,2021-05-28 17:17:22,41.8825,16.175,clear sky,73.9,58,1,11.86
390,Shanhetun,CN,2021-05-28 17:17:23,44.7,127.2,light rain,48.99,89,100,2.06
391,Vila Do Maio,CV,2021-05-28 17:17:23,15.1333,-23.2167,few clouds,79.59,80,20,18.57
392,Aguimes,ES,2021-05-28 17:17:23,27.9054,-15.4461,few clouds,70.43,56,20,26.46
393,Nabire,ID,2021-05-28 17:16:15,-3.3667,135.4833,broken clouds,76.32,92,72,3.0
394,Lavrentiya,RU,2021-05-28 17:17:24,65.5833,-171.0,clear sky,28.44,88,8,10.98
395,Saldanha,ZA,2021-05-28 17:17:24,-33.0117,17.9442,light rain,59.43,94,13,5.61
396,Alpena,US,2021-05-28 17:17:24,45.0617,-83.4327,clear sky,49.1,46,1,11.01
397,Makinsk,KZ,2021-05-28 17:17:25,52.6292,70.4169,clear sky,51.33,45,2,5.61
398,Puerto Escondido,MX,2021-05-28 17:17:25,15.85,-97.0667,broken clouds,86.83,66,75,9.22
399,Nichinan,JP,2021-05-28 17:17:26,31.6,131.3667,overcast clouds,70.75,85,100,13.31
400,Pacifica,US,2021-05-28 17:17:26,37.6138,-122.4869,few clouds,72.68,79,20,1.99
401,Menongue,AO,2021-05-28 17:17:26,-14.6585,17.691,clear sky,62.96,29,0,4.68
402,Pimenta Bueno,BR,2021-05-28 17:17:21,-11.6725,-61.1936,overcast clouds,89.28,48,97,5.46
403,Vredendal,ZA,2021-05-28 17:17:27,-31.6683,18.5012,broken clouds,59.5,87,71,4.99
404,Berlevag,NO,2021-05-28 17:17:27,70.8578,29.0864,light rain,35.6,75,75,27.63
405,Nome,US,2021-05-28 17:17:28,64.5011,-165.4064,clear sky,51.87,26,1,20.71
406,Hualmay,PE,2021-05-28 17:17:28,-11.0964,-77.6139,scattered clouds,70.86,75,44,9.13
407,Sechura,PE,2021-05-28 17:17:29,-5.5569,-80.8222,overcast clouds,76.21,68,92,11.07
408,Alofi,NU,2021-05-28 17:17:29,-19.0595,-169.9187,overcast clouds,73.29,94,100,3.44
409,Ranong,TH,2021-05-28 17:17:29,9.9658,98.6348,overcast clouds,79.47,88,90,9.55
410,Bhum,IN,2021-05-28 17:17:30,18.4667,75.6667,overcast clouds,85.84,50,100,15.57
411,Kanye,BW,2021-05-28 17:17:30,-24.9667,25.3327,clear sky,58.37,25,2,6.98
412,Nusaybin,TR,2021-05-28 17:17:31,37.0778,41.2178,clear sky,86.54,22,1,7.61
413,Suntar,RU,2021-05-28 17:17:31,62.1444,117.6319,few clouds,49.17,81,11,2.59
414,Astoria,US,2021-05-28 17:17:32,46.1879,-123.8313,overcast clouds,58.01,84,90,5.75
415,Eenhana,NA,2021-05-28 17:17:32,-17.4667,16.3333,clear sky,69.55,21,0,3.94
416,Mount Pleasant,US,2021-05-28 17:17:32,32.7941,-79.8626,clear sky,93.99,64,1,3.0
417,Ciudad Bolivar,VE,2021-05-28 17:17:32,8.1222,-63.5497,overcast clouds,89.87,47,87,7.14
418,Thompson,CA,2021-05-28 17:17:33,55.7435,-97.8558,broken clouds,60.96,27,75,13.8
419,Yashkul,RU,2021-05-28 17:17:33,46.1711,45.3435,broken clouds,73.27,57,72,7.45
420,Rosario,AR,2021-05-28 17:13:16,-32.9468,-60.6393,clear sky,72.57,44,0,1.99
421,Cockburn Town,TC,2021-05-28 17:14:52,21.4612,-71.1419,broken clouds,79.16,74,58,11.01
422,Buin,CL,2021-05-28 17:17:34,-33.7333,-70.75,scattered clouds,68.05,53,41,4.61
423,Banda Aceh,ID,2021-05-28 17:17:34,5.5577,95.3222,overcast clouds,79.27,84,99,13.42
424,Hofn,IS,2021-05-28 17:17:34,64.2539,-15.2082,overcast clouds,48.22,93,90,16.11
425,Flinders,AU,2021-05-28 17:17:35,-34.5833,150.8552,broken clouds,53.19,60,82,8.99
426,Rawson,AR,2021-05-28 17:17:35,-43.3002,-65.1023,overcast clouds,46.8,44,100,25.01
427,Naze,JP,2021-05-28 17:17:35,28.3667,129.4833,overcast clouds,71.37,88,100,13.78
428,Baruun-Urt,MN,2021-05-28 17:17:36,46.6806,113.2792,few clouds,44.38,76,13,3.71
429,Sao Gabriel Da Cachoeira,BR,2021-05-28 17:17:36,-0.1303,-67.0892,scattered clouds,87.6,66,40,2.89
430,Juneau,US,2021-05-28 17:15:17,58.3019,-134.4197,light rain,49.21,91,90,5.99
431,Morrope,PE,2021-05-28 17:17:36,-6.5417,-80.0111,overcast clouds,69.91,69,91,12.93
432,Maxixe,MZ,2021-05-28 17:17:37,-23.8597,35.3472,few clouds,69.62,83,20,8.05
433,Wamba,NG,2021-05-28 17:17:37,8.9333,8.6,few clouds,90.9,46,22,2.42
434,Coralville,US,2021-05-28 17:14:30,41.6764,-91.5805,overcast clouds,48.09,81,90,13.8
435,Banamba,ML,2021-05-28 17:17:38,13.55,-7.45,overcast clouds,103.21,17,99,3.67
436,Namibe,AO,2021-05-28 17:17:38,-15.1961,12.1522,clear sky,74.68,70,0,9.33
437,Businga,CD,2021-05-28 17:17:38,3.3333,20.8833,light rain,75.83,88,88,2.24
438,Golaesti,RO,2021-05-28 17:17:39,47.2333,27.7,broken clouds,62.04,94,75,10.0
439,Ibb,YE,2021-05-28 17:17:39,13.9667,44.1833,broken clouds,71.62,49,53,3.27
440,Ust-Tsilma,RU,2021-05-28 17:17:39,65.441,52.1498,overcast clouds,47.1,87,100,7.61
441,Puerto Quijarro,BO,2021-05-28 17:17:40,-17.7833,-57.7667,overcast clouds,95.05,29,97,11.12
442,Ust-Karsk,RU,2021-05-28 17:17:40,52.7011,118.8077,scattered clouds,43.21,87,35,1.41
443,Gushikawa,JP,2021-05-28 17:17:40,26.3544,127.8686,broken clouds,76.62,88,75,11.12
444,Vestmanna,FO,2021-05-28 17:17:41,62.1564,-7.1664,few clouds,47.32,81,20,9.6
445,Lazaro Cardenas,MX,2021-05-28 17:17:41,17.9583,-102.2,broken clouds,87.46,49,71,7.67
446,Kitami,JP,2021-05-28 17:17:42,43.8031,143.8908,light rain,46.92,96,97,7.9
447,Moree,AU,2021-05-28 17:17:42,-29.4667,149.85,clear sky,42.82,70,6,9.22
448,Brownsville,US,2021-05-28 17:13:46,25.9018,-97.4975,broken clouds,89.71,69,75,4.0
449,Itatiaia,BR,2021-05-28 17:17:43,-22.4961,-44.5633,broken clouds,82.58,52,56,3.0
450,Mopti,ML,2021-05-28 17:17:43,14.6667,-4.0,overcast clouds,105.4,16,93,4.14
451,Tukrah,LY,2021-05-28 17:17:43,32.5341,20.5791,few clouds,76.69,46,14,7.78
452,Axim,GH,2021-05-28 17:15:01,4.8699,-2.2405,overcast clouds,84.43,69,91,8.95
453,Saint-Andre-Avellin,CA,2021-05-28 17:17:44,45.7168,-75.066,overcast clouds,52.83,27,96,6.08
454,Bindura,ZW,2021-05-28 17:17:44,-17.3019,31.3306,clear sky,46.85,37,0,3.18
455,Finschhafen,PG,2021-05-28 17:17:44,-6.6024,147.8681,overcast clouds,78.1,86,100,6.89
456,Ocos,GT,2021-05-28 17:17:45,14.5094,-92.1933,overcast clouds,91.58,66,100,4.09
457,Labuhan,ID,2021-05-28 17:17:45,-6.8844,112.2051,overcast clouds,79.21,86,96,8.3
458,San Quintin,MX,2021-05-28 17:17:45,30.4833,-115.95,broken clouds,63.5,65,58,11.61
459,Morondava,MG,2021-05-28 17:17:46,-20.2833,44.2833,clear sky,74.79,72,0,11.54
460,Perth,AU,2021-05-28 17:13:36,-31.9333,115.8333,moderate rain,63.05,96,75,14.27
461,Zhengjiatun,CN,2021-05-28 17:17:46,43.5064,123.5064,overcast clouds,56.05,60,87,2.91
462,Darhan,MN,2021-05-28 17:17:47,49.4867,105.9228,moderate rain,56.89,45,100,2.95
463,Iringa,TZ,2021-05-28 17:17:47,-7.7667,35.7,overcast clouds,59.7,81,88,5.5
464,Dawlatabad,AF,2021-05-28 17:17:48,36.4141,64.9053,clear sky,87.62,15,1,3.0
465,Itarema,BR,2021-05-28 17:17:48,-2.9248,-39.9167,few clouds,86.45,58,12,14.05
466,Kalabo,ZM,2021-05-28 17:17:48,-14.97,22.6814,clear sky,65.23,29,0,3.38
467,Broken Hill,AU,2021-05-28 17:17:49,-31.95,141.4333,overcast clouds,46.11,71,100,12.66
468,Balykshi,KZ,2021-05-28 17:17:49,47.0667,51.8667,scattered clouds,73.4,64,40,11.18
469,Vadso,NO,2021-05-28 17:17:49,70.0744,29.7487,light rain,36.48,69,75,20.71
470,Saint-Denis,FR,2021-05-28 17:17:50,48.9167,2.3333,clear sky,72.99,44,0,5.99
471,Wuxue,CN,2021-05-28 17:17:50,29.8506,115.5525,overcast clouds,69.42,71,100,4.21
472,Vozhega,RU,2021-05-28 17:17:50,60.4725,40.2213,few clouds,56.03,67,13,7.99
473,Riohacha,CO,2021-05-28 17:17:51,11.5444,-72.9072,overcast clouds,89.73,57,89,13.6
474,Veraval,IN,2021-05-28 17:17:51,20.9,70.3667,broken clouds,84.78,75,73,10.71
475,Sokoto,NG,2021-05-28 17:17:51,13.0609,5.239,overcast clouds,103.14,12,95,4.83
476,Puerto Carreno,CO,2021-05-28 17:17:52,6.189,-67.4859,overcast clouds,86.68,63,100,5.35
477,Mvomero,TZ,2021-05-28 17:17:52,-6.25,38.6667,overcast clouds,74.37,74,96,3.74
478,Juba,SS,2021-05-28 17:17:52,4.8517,31.5825,light rain,76.96,79,86,1.83
479,Provideniya,RU,2021-05-28 17:17:53,64.3833,-173.3,clear sky,40.3,55,4,10.89
480,Camocim,BR,2021-05-28 17:17:53,-2.9022,-40.8411,few clouds,88.84,55,20,8.66
481,Mount Gambier,AU,2021-05-28 17:17:53,-37.8333,140.7667,scattered clouds,37.31,93,40,0.0
482,Marshfield,US,2021-05-28 17:16:54,44.6689,-90.1718,overcast clouds,50.2,70,90,11.5
483,Kieta,PG,2021-05-28 17:17:54,-6.2167,155.6333,moderate rain,76.17,93,100,0.51
484,Iqaluit,CA,2021-05-28 17:17:54,63.7506,-68.5145,broken clouds,31.73,69,75,17.0
485,Rudbar,AF,2021-05-28 17:17:54,30.15,62.6,clear sky,90.14,17,0,7.16
486,Sao Joao Da Barra,BR,2021-05-28 17:17:55,-21.6403,-41.0511,few clouds,86.09,76,14,13.96
487,Opuwo,NA,2021-05-28 17:17:55,-18.0607,13.84,clear sky,69.94,24,0,8.72
488,Dejen,ET,2021-05-28 17:17:55,10.1667,38.1333,broken clouds,67.57,21,76,11.32
489,Monte Aprazivel,BR,2021-05-28 17:17:56,-20.7725,-49.7142,light rain,88.45,30,78,12.01
490,Nagato,JP,2021-05-28 17:17:56,34.3833,131.2,scattered clouds,69.71,83,36,18.12
491,Boca Do Acre,BR,2021-05-28 17:17:56,-8.7522,-67.3978,few clouds,93.9,39,23,2.93
492,Ponta Delgada,PT,2021-05-28 17:17:57,37.7333,-25.6667,few clouds,65.12,59,20,11.5
493,Westport,US,2021-05-28 17:16:37,41.1415,-73.3579,clear sky,68.09,50,1,1.01
494,Seymchan,RU,2021-05-28 17:17:57,62.8833,152.4333,overcast clouds,40.1,79,100,5.57
495,Whyalla,AU,2021-05-28 17:17:58,-33.0333,137.5833,overcast clouds,53.49,76,100,8.05
496,Saurimo,AO,2021-05-28 17:17:58,-9.6608,20.3916,few clouds,69.01,41,19,4.27
497,Zakopane,PL,2021-05-28 17:17:58,49.299,19.9489,broken clouds,56.05,81,84,3.69
498,Yar-Sale,RU,2021-05-28 17:17:59,66.8333,70.8333,scattered clouds,41.58,44,47,6.46
499,Mitchell,US,2021-05-28 17:13:59,43.7094,-98.0298,overcast clouds,50.11,75,90,8.99
500,Tabou,CI,2021-05-28 17:17:59,4.423,-7.3528,overcast clouds,82.94,76,91,7.31
501,Shelburne,CA,2021-05-28 17:14:47,44.0787,-80.2041,light rain,42.53,95,100,12.97
502,Mumford,GH,2021-05-28 17:18:00,5.2618,-0.759,scattered clouds,83.21,74,50,13.13
503,Tondano,ID,2021-05-28 17:18:00,1.3038,124.9112,scattered clouds,69.89,96,45,2.66
504,Matara,LK,2021-05-28 17:18:00,5.9485,80.5353,overcast clouds,80.01,86,100,12.71
505,Mayo,US,2021-05-28 17:18:01,38.8876,-76.5119,broken clouds,77.16,70,75,8.99
506,Veseloyarsk,RU,2021-05-28 17:18:01,51.2836,81.1056,clear sky,51.58,51,0,8.21
507,Touros,BR,2021-05-28 17:18:01,-5.1989,-35.4608,scattered clouds,86.9,66,27,16.37
508,Shelopugino,RU,2021-05-28 17:18:02,51.6514,117.5599,clear sky,40.66,74,7,2.73
509,Kalmunai,LK,2021-05-28 17:18:02,7.4167,81.8167,broken clouds,82.38,74,65,3.22
510,Damghan,IR,2021-05-28 17:18:03,36.1683,54.348,clear sky,80.82,21,0,3.44
511,Nunoa,PE,2021-05-28 17:18:03,-14.48,-70.6411,broken clouds,57.74,28,65,6.51
512,The Valley,AI,2021-05-28 17:18:03,18.217,-63.0578,few clouds,89.46,70,20,10.36
513,Batagay,RU,2021-05-28 17:18:04,67.6333,134.6333,few clouds,45.59,77,12,7.14
514,Jaen,ES,2021-05-28 17:18:04,38.0,-3.5,few clouds,78.42,32,18,4.16
515,Guarapari,BR,2021-05-28 17:18:04,-20.6667,-40.4975,clear sky,85.91,68,2,15.1
516,Kahului,US,2021-05-28 17:17:19,20.8947,-156.47,few clouds,76.84,81,20,10.36
517,Almaznyy,RU,2021-05-28 17:18:05,48.0448,40.045,broken clouds,69.94,72,55,8.19
518,Hearst,CA,2021-05-28 17:18:05,49.6835,-83.6665,clear sky,52.05,26,0,7.2
519,Ancud,CL,2021-05-28 17:14:20,-41.8697,-73.8203,overcast clouds,51.42,61,91,11.34
520,Melfort,CA,2021-05-28 17:18:05,52.8667,-104.6177,light rain,57.96,58,97,24.16
521,Pudozh,RU,2021-05-28 17:18:06,61.8099,36.5345,moderate rain,48.24,93,100,4.27
522,Rhyl,GB,2021-05-28 17:18:06,53.3196,-3.4886,light rain,60.8,89,100,1.01
523,Coari,BR,2021-05-28 17:18:06,-4.085,-63.1414,scattered clouds,91.18,49,43,1.14
524,Zeya,RU,2021-05-28 17:18:07,53.75,127.2667,overcast clouds,45.28,95,100,4.59
525,Khandbari,NP,2021-05-28 17:18:07,27.3747,87.2039,overcast clouds,69.51,91,100,2.57
526,Letlhakeng,BW,2021-05-28 17:18:08,-24.0944,25.0298,clear sky,62.42,23,0,6.26
527,Gambiran,ID,2021-05-28 17:18:08,-6.7988,111.4951,overcast clouds,75.61,91,95,5.21
528,Mackay,AU,2021-05-28 17:16:41,-21.15,149.2,clear sky,59.04,81,1,8.05
529,Solnechnyy,RU,2021-05-28 17:18:08,50.7214,136.6319,broken clouds,45.77,81,71,1.88
530,Vuktyl,RU,2021-05-28 17:18:09,63.8567,57.3094,overcast clouds,45.09,74,88,5.61
531,Ponnani,IN,2021-05-28 17:18:09,10.767,75.9252,scattered clouds,81.72,81,43,6.64
532,Lucapa,AO,2021-05-28 17:18:10,-8.4192,20.7447,clear sky,73.63,38,5,3.06
533,Lufilufi,WS,2021-05-28 17:18:10,-13.8745,-171.5986,scattered clouds,81.75,71,39,10.47
534,Lakes Entrance,AU,2021-05-28 17:18:10,-37.8811,147.981,overcast clouds,46.18,62,85,5.57
535,Tolmachevo,RU,2021-05-28 17:18:11,54.9824,82.7363,clear sky,49.98,57,0,6.71
536,Lencois Paulista,BR,2021-05-28 17:18:11,-22.5986,-48.8003,overcast clouds,88.29,33,88,9.42
537,Petropavlovsk-Kamchatskiy,RU,2021-05-28 17:18:11,53.0452,158.6483,overcast clouds,28.99,100,96,1.81
538,Kabala,SL,2021-05-28 17:18:12,9.5833,-11.55,overcast clouds,86.97,58,90,5.86
539,Anchorage,US,2021-05-28 17:13:18,61.2181,-149.9003,light rain,49.35,75,90,4.0
540,Nara,JP,2021-05-28 17:18:12,34.6851,135.8049,overcast clouds,69.08,77,100,3.13
541,Conil,FR,2021-05-28 17:18:13,44.9673,3.7177,broken clouds,60.37,71,84,2.53
542,Bull Savanna,JM,2021-05-28 17:18:13,17.8868,-77.5902,light rain,83.25,62,50,7.2
543,Lar,IN,2021-05-28 17:18:13,26.2039,83.9717,overcast clouds,77.11,85,100,18.7
544,Yuanping,CN,2021-05-28 17:18:14,38.7153,112.7575,clear sky,63.23,32,5,3.71
545,Jumla,NP,2021-05-28 17:18:14,29.2747,82.1838,overcast clouds,58.03,95,100,2.53
546,Bondo,CD,2021-05-28 17:18:15,3.8146,23.6866,overcast clouds,77.97,69,98,2.21
547,Oussouye,SN,2021-05-28 17:18:15,12.485,-16.5469,clear sky,96.98,42,0,14.2
548,Bonthe,SL,2021-05-28 17:18:15,7.5264,-12.505,light rain,84.9,70,88,8.99
549,Lieksa,FI,2021-05-28 17:18:16,63.3167,30.0167,overcast clouds,48.16,65,90,7.63
550,Fruitvale,US,2021-05-28 17:18:16,39.0817,-108.4968,clear sky,81.03,14,1,1.01
551,Mandera,KE,2021-05-28 17:18:16,3.9366,41.867,overcast clouds,84.52,50,99,13.06
552,Yamoussoukro,CI,2021-05-28 17:18:17,6.8206,-5.2767,scattered clouds,93.09,52,40,3.69
553,Moose Factory,CA,2021-05-28 17:18:17,51.2585,-80.6094,clear sky,44.6,75,1,13.8
554,Irgakly,RU,2021-05-28 17:18:17,44.3611,44.7556,clear sky,71.08,57,5,1.97
555,Kysyl-Syr,RU,2021-05-28 17:18:18,63.8986,122.7617,scattered clouds,49.57,69,31,5.41
556,Puerto Penasco,MX,2021-05-28 17:18:18,31.3167,-113.5333,clear sky,76.91,66,0,5.01
557,Cairns,AU,2021-05-28 17:17:21,-16.9167,145.7667,overcast clouds,66.15,82,90,3.44
558,Were Ilu,ET,2021-05-28 17:18:18,10.6,39.4333,clear sky,56.8,45,5,8.72
559,Komsomolskiy,UZ,2021-05-28 17:18:19,40.4272,71.7189,clear sky,79.52,31,1,4.61
560,Jonesboro,US,2021-05-28 17:17:46,35.8423,-90.7043,overcast clouds,75.67,83,90,10.0
561,Cape Coast,GH,2021-05-28 17:18:19,5.1053,-1.2466,broken clouds,83.7,73,81,11.48
562,Tromso,NO,2021-05-28 17:16:15,69.6496,18.957,broken clouds,45.37,70,75,1.99
563,Basoko,CD,2021-05-28 17:18:20,1.2391,23.616,light rain,73.99,88,94,6.44
564,Rosario Do Sul,BR,2021-05-28 17:18:22,-30.2583,-54.9142,moderate rain,63.57,99,100,5.06
565,Velika Gorica,HR,2021-05-28 17:18:22,45.7125,16.0756,clear sky,66.78,55,0,1.14
566,Suksun,RU,2021-05-28 17:18:22,57.1431,57.3949,broken clouds,59.41,62,71,4.41
567,Teberda,RU,2021-05-28 17:18:23,43.4456,41.7448,few clouds,54.91,85,16,5.14
568,Port Hardy,CA,2021-05-28 17:15:37,50.6996,-127.4199,broken clouds,50.18,81,75,6.91
569,Colares,PT,2021-05-28 17:18:23,38.7992,-9.4469,few clouds,80.28,46,20,17.58
570,Baghmara,IN,2021-05-28 17:18:23,23.795,86.2085,few clouds,83.89,69,19,9.98
571,Rumoi,JP,2021-05-28 17:18:24,43.9344,141.6428,light rain,51.46,94,100,9.33
572,Alvorada,BR,2021-05-28 17:18:25,-12.48,-49.1247,scattered clouds,95.56,25,36,6.76
573,Shizuishan,CN,2021-05-28 17:18:25,39.2333,106.7694,broken clouds,73.36,14,63,10.67
574,Half Moon Bay,US,2021-05-28 17:18:25,37.4636,-122.4286,overcast clouds,71.11,73,90,4.61
575,Ilo,PE,2021-05-28 17:18:26,-17.6394,-71.3375,clear sky,68.86,78,0,6.91
576,Vagay,RU,2021-05-28 17:18:26,57.9375,69.0217,overcast clouds,54.43,62,95,4.59
577,Bilokurakyne,UA,2021-05-28 17:18:26,49.5341,38.7307,light rain,66.7,81,58,6.31
578,Palmer,US,2021-05-28 17:16:23,42.1584,-72.3287,overcast clouds,64.67,44,90,1.99
579,Caninde De Sao Francisco,BR,2021-05-28 17:18:27,-9.66,-37.7894,overcast clouds,83.95,47,87,7.34
580,Gizycko,PL,2021-05-28 17:18:27,54.0381,21.7644,broken clouds,55.18,90,56,9.13
581,Ozinki,RU,2021-05-28 17:18:28,51.1786,49.6769,light rain,69.33,74,94,1.54
582,Sigli,ID,2021-05-28 17:18:28,5.3848,95.9609,overcast clouds,77.9,88,100,8.57
583,Santa Maria,BR,2021-05-28 17:16:07,-29.6842,-53.8069,moderate rain,63.86,98,100,3.71
584,Nurobod,UZ,2021-05-28 17:18:29,40.9056,69.8023,clear sky,81.45,34,1,3.49
585,Nong Bua,TH,2021-05-28 17:18:29,15.8646,100.5858,overcast clouds,81.81,81,91,5.41
586,Yarada,IN,2021-05-28 17:18:29,17.65,83.2667,scattered clouds,88.12,84,40,9.91
587,Mapastepec,MX,2021-05-28 17:16:59,15.4333,-92.9,overcast clouds,89.46,59,93,5.17
588,Jaguaquara,BR,2021-05-28 17:18:11,-13.5306,-39.9708,clear sky,81.32,39,6,7.99
589,Pyapon,MM,2021-05-28 17:18:30,16.2833,95.6833,moderate rain,83.28,78,98,4.79
590,Geraldton,AU,2021-05-28 17:18:30,-28.7667,114.6,broken clouds,64.81,94,75,14.9
591,Gazanjyk,TM,2021-05-28 17:18:31,39.2446,55.5154,clear sky,89.33,26,0,5.97
592,Santa Isabel Do Rio Negro,BR,2021-05-28 17:18:31,-0.4139,-65.0192,scattered clouds,82.42,86,39,3.27
593,Lasa,IT,2021-05-28 17:18:31,46.6166,10.7002,broken clouds,70.68,69,73,3.85
594,Alta Floresta,BR,2021-05-28 17:18:32,-9.8756,-56.0861,clear sky,93.02,36,0,5.75
595,Saint-Louis,SN,2021-05-28 17:18:32,16.3333,-15.0,clear sky,106.36,10,5,12.08
596,Quatre Cocos,MU,2021-05-28 17:18:32,-20.2078,57.7625,scattered clouds,73.09,87,34,8.79
597,Amiens,FR,2021-05-28 17:18:33,49.9,2.3,broken clouds,68.45,65,84,6.02
598,Plettenberg Bay,ZA,2021-05-28 17:18:33,-34.0527,23.3716,light rain,61.16,76,1,10.78
599,Orlik,RU,2021-05-28 17:18:33,52.5178,99.825,broken clouds,40.86,85,76,5.41
600,Port Augusta,AU,2021-05-28 17:18:34,-32.5,137.7667,overcast clouds,53.74,66,100,4.74
601,Saint-Agapit,CA,2021-05-28 17:18:34,46.5629,-71.4352,scattered clouds,56.34,46,30,8.59
602,Merauke,ID,2021-05-28 17:18:34,-8.4667,140.3333,overcast clouds,76.15,86,86,13.49
603,Idrinskoye,RU,2021-05-28 17:18:35,54.3708,92.1358,overcast clouds,39.45,84,88,1.9
604,Iberia,US,2021-05-28 17:18:35,29.9502,-91.7507,scattered clouds,79.99,65,50,8.7
605,Villa Carlos Paz,AR,2021-05-28 17:18:35,-31.4241,-64.4978,overcast clouds,72.05,47,87,8.99
606,Durango,MX,2021-05-28 17:15:28,24.8333,-104.8333,clear sky,81.39,16,5,5.5
607,Zhangye,CN,2021-05-28 17:18:36,38.9342,100.4517,overcast clouds,73.29,17,97,8.75
608,Henties Bay,NA,2021-05-28 17:18:36,-22.116,14.2845,clear sky,60.85,76,2,10.89
609,Beira,MZ,2021-05-28 17:18:37,-19.8436,34.8389,clear sky,68.09,77,0,8.43
610,Marzuq,YE,2021-05-28 17:18:37,14.4,46.4667,broken clouds,83.84,34,64,8.48
611,Quelimane,MZ,2021-05-28 17:18:37,-17.8786,36.8883,few clouds,71.55,78,20,4.61
612,Mana,GF,2021-05-28 17:18:38,5.6592,-53.7767,overcast clouds,79.43,89,99,9.1
613,Kodinsk,RU,2021-05-28 17:18:38,58.6881,99.1844,overcast clouds,37.63,96,100,10.8
614,Gizo,SB,2021-05-28 17:18:38,-8.103,156.8419,moderate rain,77.56,89,100,4.23
615,Nagua,DO,2021-05-28 17:18:39,19.3832,-69.8474,scattered clouds,90.45,74,40,9.44
616,Zyryanka,RU,2021-05-28 17:18:39,65.75,150.85,scattered clouds,43.88,58,37,9.35
617,Oksfjord,NO,2021-05-28 17:18:39,70.2396,22.3479,overcast clouds,39.27,87,100,9.75
618,Texarkana,US,2021-05-28 17:18:40,33.4251,-94.0477,scattered clouds,80.74,68,40,7.0
619,Eydhafushi,MV,2021-05-28 17:18:40,5.1033,73.0708,broken clouds,83.97,72,64,21.36
620,Shubarkuduk,KZ,2021-05-28 17:18:40,49.1447,56.4872,overcast clouds,70.72,60,100,6.76
621,Agadez,NE,2021-05-28 17:18:41,19.75,10.25,scattered clouds,100.09,5,37,5.21
622,Wanning,CN,2021-05-28 17:18:41,18.8003,110.3967,overcast clouds,81.95,84,100,10.16
623,Petatlan,MX,2021-05-28 17:18:42,17.5167,-101.2667,overcast clouds,89.4,43,91,6.76
624,Concarneau,FR,2021-05-28 17:18:42,47.875,-3.9225,broken clouds,71.06,74,63,6.71
625,Dicabisagan,PH,2021-05-28 17:18:42,17.0818,122.4157,few clouds,80.37,84,21,4.59
626,Gidole,ET,2021-05-28 17:16:15,5.65,37.3667,scattered clouds,57.18,81,32,3.51
627,Selkirk,CA,2021-05-28 17:15:08,50.1436,-96.8845,clear sky,61.41,44,6,14.0
628,Yerbogachen,RU,2021-05-28 17:18:43,61.2767,108.0108,broken clouds,49.82,65,74,7.67
629,Chara,RU,2021-05-28 17:18:43,56.9064,118.2631,overcast clouds,46.08,85,100,3.65
630,Sorland,NO,2021-05-28 17:18:44,67.667,12.6934,few clouds,44.67,76,12,6.33
631,Portland,US,2021-05-28 17:15:08,45.5234,-122.6762,broken clouds,60.48,70,75,1.99
632,Sauda,NO,2021-05-28 17:18:44,59.6506,6.3542,clear sky,57.67,47,5,2.98
633,Barra Da Estiva,BR,2021-05-28 17:18:44,-13.6261,-41.3269,clear sky,79.29,32,6,10.13
634,Rorvik,NO,2021-05-28 17:18:45,64.8621,11.2373,broken clouds,49.98,66,75,6.91
635,Maceio,BR,2021-05-28 17:18:45,-9.6658,-35.7353,broken clouds,83.64,61,75,10.42
636,Innisfail,AU,2021-05-28 17:15:08,-17.5333,146.0333,few clouds,63.27,86,15,5.21
637,Cap-Aux-Meules,CA,2021-05-28 17:18:46,47.3821,-61.8597,broken clouds,42.82,52,75,21.85
638,Stillwater,US,2021-05-28 17:18:46,36.1156,-97.0584,clear sky,69.78,69,1,4.0
639,Beringovskiy,RU,2021-05-28 17:18:46,63.05,179.3167,broken clouds,29.59,91,67,10.58
640,Maryville,US,2021-05-28 17:17:56,35.7565,-83.9705,overcast clouds,81.73,74,90,3.0
641,Bismarck,US,2021-05-28 17:18:47,46.8083,-100.7837,clear sky,55.87,60,1,21.85
642,Krasnoselkup,RU,2021-05-28 17:18:47,65.7,82.4667,overcast clouds,31.12,75,97,21.27
643,Xiaoshi,CN,2021-05-28 17:18:47,41.2971,124.1209,broken clouds,50.02,92,55,1.7
644,Tucupita,VE,2021-05-28 17:18:48,9.0622,-62.051,broken clouds,82.8,77,68,5.66
645,Sartell,US,2021-05-28 17:18:48,45.6216,-94.2069,clear sky,54.45,44,1,3.0
646,Kuusamo,FI,2021-05-28 17:18:48,65.9667,29.1833,few clouds,41.04,45,20,9.22
647,Anniston,US,2021-05-28 17:18:49,33.6598,-85.8316,few clouds,81.97,65,20,10.36
648,Goundam,ML,2021-05-28 17:18:49,16.4145,-3.6708,overcast clouds,107.19,10,92,12.24
649,Villarrica,PY,2021-05-28 17:18:49,-25.75,-56.4333,broken clouds,91.44,34,63,16.4
650,Altay,CN,2021-05-28 17:18:50,47.8667,88.1167,clear sky,61.11,40,0,5.57
651,Northam,GB,2021-05-28 17:18:50,51.0333,-4.2167,overcast clouds,63.3,89,100,3.13
652,Kulhudhuffushi,MV,2021-05-28 17:18:50,6.6221,73.07,clear sky,83.8,74,4,21.68
653,Santa Marta,CO,2021-05-28 17:18:00,11.2408,-74.199,overcast clouds,83.39,76,100,13.69
654,Wewak,PG,2021-05-28 17:18:51,-3.5534,143.6268,broken clouds,79.41,84,62,2.26
655,Kenai,US,2021-05-28 17:14:47,60.5544,-151.2583,light rain,48.02,93,90,8.05
656,Wuhan,CN,2021-05-28 17:18:51,30.5833,114.2667,light rain,69.89,74,100,4.36
657,Norrkoping,SE,2021-05-28 17:18:52,58.5942,16.1826,scattered clouds,64.98,59,41,9.22
658,Whitehorse,CA,2021-05-28 17:17:27,60.7161,-135.0538,broken clouds,52.57,40,75,15.01
659,Granadilla De Abona,ES,2021-05-28 17:13:54,28.1188,-16.576,few clouds,66.78,57,20,17.27
660,Garbolovo,RU,2021-05-28 17:18:52,60.3413,30.4955,broken clouds,56.39,72,63,9.62
661,Tremelo,BE,2021-05-28 17:18:52,50.9924,4.7062,clear sky,67.98,55,0,1.99
662,Broome,US,2021-05-28 17:18:53,42.2506,-75.833,light rain,56.01,81,90,4.0
663,Puurmani,EE,2021-05-28 17:18:53,58.5738,26.2878,scattered clouds,59.22,68,48,4.76
664,Andoain,ES,2021-05-28 17:18:54,43.2166,-2.0253,overcast clouds,72.97,77,100,2.01
665,Oktyabrskoye,RU,2021-05-28 17:18:54,43.0645,44.7417,broken clouds,68.14,68,75,1.74
666,Abeche,TD,2021-05-28 17:18:54,13.8292,20.8324,few clouds,98.69,15,21,10.2
667,Tual,ID,2021-05-28 17:18:55,-5.6667,132.75,scattered clouds,81.32,79,27,17.34
668,Gat,IL,2021-05-28 17:18:55,31.61,34.7642,clear sky,77.81,43,0,5.68
669,Lapua,FI,2021-05-28 17:18:55,62.9693,23.0088,clear sky,56.08,46,2,7.45
670,Payo,ID,2021-05-28 17:18:56,-3.7508,103.6372,overcast clouds,73.49,98,100,1.74
671,Adrar,MR,2021-05-28 17:18:56,20.5022,-10.0711,broken clouds,107.78,9,62,5.64
672,Maragogi,BR,2021-05-28 17:18:57,-9.0122,-35.2225,broken clouds,80.94,66,53,11.9
673,Tarakan,ID,2021-05-28 17:18:57,3.3,117.6333,scattered clouds,83.01,72,39,1.9
674,Zomin,UZ,2021-05-28 17:18:57,39.9606,68.3958,broken clouds,79.43,28,66,6.69
675,Yulara,AU,2021-05-28 17:18:58,-25.2406,130.9889,clear sky,42.64,70,0,6.91
676,Salistea De Sus,RO,2021-05-28 17:18:58,47.65,24.35,overcast clouds,66.06,92,100,1.7
677,Tabora,TZ,2021-05-28 17:16:12,-5.0167,32.8,scattered clouds,70.92,59,43,4.14
678,Hay River,CA,2021-05-28 17:15:08,60.8156,-115.7999,broken clouds,46.51,64,65,7.56
679,Damavand,IR,2021-05-28 17:18:59,35.7178,52.065,clear sky,76.84,33,0,0.87
